﻿[
  {
    "term":"Bark Pocket",
    "type":"0",
    "definition":"<img class='glossary_image glossary__image--inline' src='../img/glossary/bark_pocket.jpg'><br /><br /><strong>Bark Pocket</strong><br />A bark-filled blemish in the board.",
    "image": "img/glossary/bark_pocket.jpg"
  },{
    "term":"Decay",
    "type":"0",
    "definition":"<img class='glossary_image glossary__image--inline' src='../img/glossary/decay.jpg'><br /><br /><strong>Decay</strong><br />The decomposition of wood substance by fungi.",
    "image": "img/glossary/decay.jpg"
  },{
    "term":"Incipient Decay",
    "type":"0",
    "definition":"<img class='glossary_image glossary__image--inline' src='../img/glossary/incipient_decay.jpg'><br /><br /><strong>Incipient Decay</strong><br />The early stage of decay that has not proceeded far enough to soften or otherwise perceptibly impair the hardness of the wood. It is usually accompanied by a slight discoloration or bleaching of the wood.",
    "image": "img/glossary/incipient_decay.jpg"
  },{
    "term":"Grub Hole",
    "type":"0",
    "definition":"<img class='glossary_image glossary__image--inline' src='../img/glossary/grub_hole.jpg'><br /><br /><strong>Grub Hole</strong><br />One 1/4 inch in diameter or larger.",
    "image": "img/glossary/grub_hole.jpg"
  },{
    "term":"Pith",
    "type":"0",
    "definition":"<img class='glossary_image glossary__image--inline' src='../img/glossary/pith.jpg'><br /><br /><strong>Pith</strong><br />The small soft core occurring in the structural center of the log.",
    "image": "img/glossary/pith.jpg"
  },{
    "term":"Pin Knot",
    "type":"0",
    "definition":"<img class='glossary_image glossary__image--inline' src='../img/glossary/pin_knot.jpg'><br /><br /><strong>Pin Knot</strong><br />A knot that does not exceed 1/4 inch in average diameter in its sound portion or 1/8 inch in average diameter in its unsound portion.",
    "image": "img/glossary/pin_knot.jpg"
  },{
    "term":"Stain",
    "type":"0",
    "definition":"<img class='glossary_image glossary__image--inline' src='../img/glossary/stain.jpg'><br /><br /><strong>Stain</strong><br />In hardwoods, the word <b>stain</b> is used to describe the initial evidences of decay.",
    "image": "img/glossary/stain.jpg"
  },{
    "term":"Sound Knot",
    "type":"0",
    "definition":"<img class='glossary_image glossary__image--inline' src='../img/glossary/sound_knot_1.jpg'><br /><br /><strong>Sound Knot</strong><br />A knot that is solid across its face, as hard as the surrounding wood, and shows no indication of decay. Sound knots include star checked knots.",
    "image": "img/glossary/sound_knot_1.jpg"
  },{
    "term":"Split",
    "type":"0",
    "definition":"<img class='glossary_image glossary__image--inline' src='../img/glossary/split.jpg'><br /><br /><strong>Split</strong><br />A lengthwise separation of the wood, due to the tearing apart of wood cells.",
    "image": "img/glossary/split.jpg"
  },{
    "term":"Side Bend",
    "type":"0",
    "definition":"<img class='glossary_image glossary__image--inline' src='../img/glossary/sidebend.jpg'><br /><br /><strong>Side Bend</strong><br />A distortion of a board in which there is a deviation edgewise from a straight line from end to end of the board.",
    "image": "img/glossary/sidebend.jpg"
  },{
    "term":"Wane",
    "type":"0",
    "definition":"<img class='glossary_image glossary__image--inline' src='../img/glossary/wane.jpg'><br /><br /><strong>Wane</strong><br />Bark or lack of wood.",
    "image": "img/glossary/wane.jpg"
  },{
    "term":"Shake",
    "type":"0",
    "definition":"<img class='glossary_image glossary__image--inline' src='../img/glossary/shake.jpg'><br /><br /><strong>Shake</strong><br />A separation along the grain, the greater part of which occurs between the rings of annual growth.",
    "image": "img/glossary/shake.jpg"
  },{
    "term":"Check",
    "type":"0",
    "definition":"<img class='glossary_image glossary__image--inline' src='../img/glossary/check.jpg'><br /><br /><strong>Check</strong><br />A lengthwise separation of the wood that usually extends across the rings of annual growth and commonly results from stresses set up in wood during seasoning.",
    "image": "img/glossary/check.jpg"
  }
]
